name,mean,std,max,fractal_dimension,volume_fraction
01_000_000_group_1,2.125921967,1.412563982,5.73988533,2.692338283,0.668555
01_000_000_group_2,1.782518772,0.824543051,3.934892893,2.719997681,0.6453
01_000_050_group_1,2.189713183,1.50296673,6.110360622,2.695859777,0.661402
01_000_050_group_2,1.763362792,0.811369389,3.934892893,2.722135729,0.637947
01_000_XXX_group_1,2.171362286,1.438287341,5.73988533,2.685825701,0.680188
01_000_XXX_group_2,1.772147053,0.834398944,4.117441654,2.717421521,0.654875
01_002_XXX_group_1,2.145327211,1.41139182,5.73988533,2.685446639,0.663994
01_002_XXX_group_2,1.727420469,0.773171587,4.011353493,2.725812194,0.632716
01_004_XXX_group_1,1.94931971,1.185783735,5.631299019,2.705755602,0.6657
01_004_XXX_group_2,1.769596211,0.830925272,4.117441654,2.718681272,0.654039
01_006_XXX_group_1,1.889819246,1.06953438,5.557730675,2.710455412,0.644519
01_006_XXX_group_2,1.747224592,0.81886863,4.038136959,2.725791974,0.624471
01_050_000_group_1,2.168917707,1.445994868,5.73988533,2.688515758,0.677362
01_050_000_group_2,1.785553252,0.865564003,4.197582245,2.717687903,0.655201
01_050_050_group_1,2.212810227,1.48686401,5.73988533,2.6879793,0.672164
01_050_050_group_2,1.762454721,0.844536447,4.117441654,2.721408405,0.647947
01_100_000_group_1,2.147373672,1.41506947,5.751823902,2.687423753,0.683093
01_100_000_group_2,1.759634139,0.826823912,4.117441654,2.720268398,0.659478
01_100_050_group_1,2.102146145,1.399795152,5.751823902,2.693564031,0.672861
01_100_050_group_2,1.752184062,0.824045773,4.117441654,2.721130634,0.653763
02_000_000_group_1,2.048622316,0.682443683,3.555487871,2.656879658,0.764909
02_000_000_group_2,2.112059445,0.765136286,4.42931366,2.640892547,0.787601
02_000_050_group_1,2.083826219,0.682990703,3.412028074,2.653895349,0.765861
02_000_XXX_group_1,2.043807205,0.687155791,3.577469587,2.662963429,0.758858
02_000_XXX_group_2,2.10379677,0.762685496,4.346682072,2.641076674,0.789214
02_002_XXX_group_2,2.117521719,0.771017961,4.119821072,2.642092374,0.783459
02_004_XXX_group_1,2.114977936,0.720843538,3.912414789,2.651674728,0.764821
02_004_XXX_group_2,2.142541357,0.765517931,4.346682072,2.6416015,0.778962
02_006_XXX_group_2,2.187361072,0.790835861,4.119821072,2.640622234,0.772959
02_050_000_group_1,2.060282976,0.695991565,4.001570225,2.654771294,0.767395
02_050_050_group_1,2.100244887,0.689288377,3.872131586,2.647773339,0.770076
02_050_050_group_2,2.157435967,0.819871465,4.346682072,2.637610995,0.783684
02_100_000_group_1,2.070404729,0.706546286,3.912414789,2.655202469,0.767774
02_100_050_group_1,2.10209854,0.724004037,3.912414789,2.650750766,0.768573
03_000_000_group_2,2.19059923,0.703586637,3.849287033,2.622218407,0.805364
03_000_050_group_1,2.132748423,0.680313632,3.805761814,2.622157424,0.811865
03_000_050_group_2,2.176114733,0.713161654,3.849287033,2.620595995,0.809662
03_000_XXX_group_2,2.115932212,0.663996481,3.642618418,2.628745562,0.80395
03_002_XXX_group_1,2.134456763,0.684832391,3.769540071,2.620718286,0.810793
03_002_XXX_group_2,2.186378756,0.706631843,3.849287033,2.620586465,0.80668
03_004_XXX_group_1,2.172019617,0.747211368,4.155347347,2.623798602,0.803431
03_004_XXX_group_2,2.132043614,0.762252619,4.737204552,2.631364847,0.805679
03_006_XXX_group_1,2.199914842,0.724364336,3.790280342,2.613543116,0.812134
03_006_XXX_group_2,2.113561335,0.641054867,3.499929905,2.623096592,0.815202
03_050_000_group_2,2.174596355,0.70539677,4.267045021,2.622524727,0.806629
03_050_050_group_1,2.174524723,0.749819019,4.155347347,2.617088447,0.810762
03_050_050_group_2,2.165362764,0.713745991,4.267045021,2.620278879,0.812472
03_100_000_group_2,2.143292863,0.665165901,3.639927149,2.625240821,0.804464
03_100_050_group_1,2.197441385,0.761009579,4.155347347,2.616331204,0.809341
03_100_050_group_2,2.072437199,0.649346569,3.666750908,2.630937572,0.809251
04_000_000_group_2,2.342741575,0.842581931,4.197582245,2.582349237,0.833249
04_000_050_group_1,2.367029612,0.813308701,3.9448421,2.568210711,0.84811
04_000_050_group_2,2.455247188,0.855200026,4.197582245,2.565549824,0.841993
04_000_XXX_group_1,2.410241943,0.868461054,4.37813139,2.572719357,0.839041
04_000_XXX_group_2,2.450304119,0.871690466,4.342170715,2.565831201,0.841516
04_002_XXX_group_1,2.382655071,0.857191562,4.220863342,2.569741552,0.844278
04_002_XXX_group_2,2.380280747,0.870249419,4.202248573,2.572283732,0.839714
04_004_XXX_group_1,2.522172588,0.85159448,4.82127285,2.557041505,0.847279
04_004_XXX_group_2,2.522273599,0.781235834,4.490834236,2.556268848,0.842393
04_006_XXX_group_1,2.405172893,0.753206515,4.05991888,2.57223393,0.843814
04_050_000_group_2,2.432744027,0.820418277,4.197582245,2.566430062,0.843447
04_050_050_group_2,2.498692145,0.830893866,4.197582245,2.557425858,0.845812
04_100_000_group_1,2.43361343,0.867576542,3.962192774,2.572829821,0.840824
04_100_000_group_2,2.472784129,0.802401973,4.369169235,2.556028866,0.847705
04_100_050_group_2,2.486926944,0.802709454,4.176517963,2.559027694,0.847833
05_000_000_group_1,1.097801211,0.501081281,2.53545785,2.783876383,0.558394
05_000_000_group_2,1.078587207,0.511821993,3.025365114,2.783431228,0.54863
05_000_050_group_1,1.228398894,0.748830156,4.375892639,2.769777499,0.588422
05_000_050_group_2,1.121104767,0.527040306,3.015632391,2.779394325,0.56797
05_000_XXX_group_2,1.060939078,0.531476881,3.025365114,2.785400018,0.531956
05_002_XXX_group_1,1.183645232,0.667289444,4.373652458,2.772183943,0.577151
05_002_XXX_group_2,1.131804299,0.529121352,3.025365114,2.780147992,0.563686
05_004_XXX_group_1,1.062927085,0.484539928,2.75762558,2.785396427,0.545036
05_004_XXX_group_2,1.068777863,0.49790735,2.630308867,2.784171584,0.539072
05_006_XXX_group_1,1.344590595,0.908627878,4.269341469,2.752542467,0.602131
05_050_000_group_1,1.073086035,0.490630955,2.41266799,2.78401157,0.555391
05_050_000_group_2,1.080168273,0.530009258,3.015632391,2.782892424,0.550577
05_050_050_group_1,1.172225235,0.692738857,4.653722286,2.773585586,0.57985
05_050_050_group_2,1.117133713,0.541432264,3.015632391,2.780618586,0.566978
05_100_000_group_1,1.050833213,0.478125428,2.428860664,2.785679539,0.543145
05_100_000_group_2,1.067463736,0.52751924,2.996071339,2.783425002,0.541062
05_100_050_group_1,1.07444776,0.488061638,2.803441763,2.78442165,0.559854
05_100_050_group_2,1.095020768,0.542132755,3.015632391,2.782127974,0.554776
06_000_000_group_1,1.306003594,0.642057175,4.197582245,2.763854431,0.583725
06_000_000_group_2,1.443679073,0.984331407,4.617785931,2.755455286,0.555874
06_000_050_group_2,1.423868098,0.990793345,4.70607233,2.761119934,0.555959
06_000_XXX_group_1,1.332085202,0.704618375,3.912414789,2.76034015,0.581231
06_000_XXX_group_2,1.342218258,0.82412024,4.42931366,2.762991392,0.545187
06_002_XXX_group_1,1.39711507,0.78184178,4.052671909,2.752735615,0.590675
06_002_XXX_group_2,1.384681711,0.91107726,4.645292759,2.761061281,0.550297
06_004_XXX_group_1,1.346661868,0.723369679,3.779924393,2.758982031,0.579203
06_004_XXX_group_2,1.394899018,0.973908452,5.436508179,2.762025209,0.544219
06_050_000_group_1,1.326600902,0.705169255,3.882241011,2.760751292,0.586349
06_050_000_group_2,1.42882694,0.971330851,4.585843563,2.757616312,0.556324
06_050_050_group_1,1.344711862,0.712160693,3.874661207,2.759693247,0.593212
06_100_000_group_1,1.341162031,0.725842343,3.779924393,2.758739481,0.583327
06_100_000_group_2,1.339375397,0.841628763,4.617785931,2.763195329,0.544755
06_100_050_group_1,1.349037395,0.719386406,3.779924393,2.759400915,0.588965
06_100_050_group_2,1.414356402,0.986659456,4.69773531,2.75918178,0.553399
07_000_000_group_1,1.555512074,0.59192116,2.92992425,2.726788356,0.648501
07_000_000_group_2,1.555837689,0.614618688,3.086295366,2.726427481,0.647884
07_000_050_group_1,1.519031635,0.591863587,2.799943924,2.730411199,0.646931
07_000_050_group_2,1.547546299,0.613090261,3.086295366,2.728299665,0.648478
07_000_XXX_group_1,1.577999698,0.595381956,3.073568344,2.724409286,0.655892
07_000_XXX_group_2,1.552582031,0.607481435,3.09580636,2.72554184,0.654834
07_002_XXX_group_1,1.521109478,0.574834114,2.845079184,2.736830773,0.633918
07_002_XXX_group_2,1.541698088,0.611426283,3.09580636,2.728408062,0.640191
07_004_XXX_group_1,1.585095721,0.656690873,3.805761814,2.719548166,0.669543
07_004_XXX_group_2,1.56940011,0.58888343,2.889509678,2.722894939,0.65804
07_006_XXX_group_1,1.545634865,0.622079498,3.198560715,2.72464423,0.650765
07_006_XXX_group_2,1.535593539,0.598784773,3.07037878,2.731582184,0.644376
07_050_000_group_1,1.570537371,0.607956338,3.073568344,2.724045042,0.659817
07_050_000_group_2,1.577810269,0.628071351,3.086295366,2.721803561,0.658897
07_050_050_group_1,1.546713435,0.620010297,3.092638969,2.725982818,0.659808
07_050_050_group_2,1.561301933,0.624707399,3.086295366,2.724978349,0.657694
07_100_000_group_1,1.57134225,0.607685937,3.073568344,2.723308287,0.665749
07_100_000_group_2,1.602695272,0.613805956,2.946600199,2.71870016,0.665166
07_100_050_group_1,1.550151488,0.614369752,3.073568344,2.725115821,0.666563
08_000_000_group_1,1.688174507,0.742958914,4.753724098,2.712926827,0.665331
08_000_000_group_2,1.658078035,0.631033344,3.235117197,2.715636537,0.666592
08_000_050_group_1,1.653962235,0.65211823,3.377387285,2.713778047,0.669708
08_000_050_group_2,1.677199402,0.648475627,3.235117197,2.710733436,0.675078
08_000_XXX_group_1,1.677161705,0.670936147,3.738214016,2.714478042,0.657069
08_000_XXX_group_2,1.611842269,0.633985265,3.698682785,2.719965109,0.651804
08_002_XXX_group_1,1.677651456,0.727221826,4.141172886,2.714297875,0.667361
08_004_XXX_group_2,1.635244173,0.69535242,4.449180603,2.71874635,0.655009
08_006_XXX_group_1,1.756789624,0.806818379,4.786594391,2.703449017,0.670481
08_006_XXX_group_2,1.669421825,0.692720024,3.9448421,2.710681833,0.673849
08_050_000_group_1,1.65419464,0.652818363,3.645308018,2.716528517,0.661983
08_050_050_group_1,1.647134289,0.640023441,3.028602839,2.716941983,0.667849
08_050_050_group_2,1.619637435,0.600462394,2.956560373,2.717041055,0.668822
08_100_000_group_1,1.668840942,0.642932781,3.645308018,2.715799586,0.657428
08_100_000_group_2,1.621484098,0.61931012,3.397637367,2.720111805,0.653275
08_100_050_group_1,1.658518707,0.636276474,3.374484301,2.716502878,0.662997
08_100_050_group_2,1.602111329,0.593322516,2.956560373,2.720827882,0.660342
09_000_000_group_1,1.460180294,0.913018459,4.482097149,2.753122186,0.507969
09_000_000_group_2,1.301746322,0.630746841,3.354095221,2.76440295,0.526855
09_000_050_group_1,1.358216976,0.680637933,3.642618418,2.760728026,0.520337
09_000_050_group_2,1.320906946,0.631046134,3.354095221,2.761725881,0.537094
09_000_XXX_group_1,1.552950133,1.007970688,4.422670841,2.743255986,0.513614
09_000_XXX_group_2,1.326885343,0.711008552,4.145903111,2.764055161,0.520101
09_002_XXX_group_2,1.302523362,0.656773483,4.218541145,2.767652971,0.527667
09_004_XXX_group_1,1.388752351,0.725328428,3.867066622,2.759674288,0.535143
09_004_XXX_group_2,1.373945349,0.703128405,4.145903111,2.759415171,0.546804
09_006_XXX_group_1,1.416228318,0.728521766,3.759126902,2.753692056,0.553474
09_006_XXX_group_2,1.346479815,0.622604111,3.219935656,2.759708608,0.55565
09_050_000_group_1,1.4958101,0.928693243,4.449180603,2.749195379,0.525791
09_050_000_group_2,1.335856801,0.698282839,4.138805866,2.762442629,0.535636
09_050_050_group_2,1.351437933,0.70199104,4.138805866,2.759589698,0.545281
09_100_000_group_1,1.498992822,0.918278673,4.422670841,2.747681338,0.532333
09_100_000_group_2,1.347174803,0.703726595,4.138805866,2.762702324,0.535369
10_000_000_group_1,1.542562883,0.66016738,4.283090591,2.738340915,0.649685
10_000_050_group_1,1.51830493,0.573439788,3.186282158,2.74093703,0.657836
10_000_050_group_2,1.509105445,0.601621751,3.28023982,2.737887626,0.664203
10_000_XXX_group_1,1.531944125,0.66089561,3.639927149,2.741082178,0.637821
10_000_XXX_group_2,1.482543884,0.560830777,3.005867958,2.743269048,0.642902
10_002_XXX_group_1,1.504694537,0.559084214,2.939941168,2.741890603,0.653349
10_002_XXX_group_2,1.56480103,0.718621749,4.457982063,2.731783831,0.660768
10_004_XXX_group_1,1.523358265,0.659392958,3.696032047,2.743106482,0.632229
10_004_XXX_group_2,1.460182291,0.552818436,2.956560373,2.746941751,0.642374
10_006_XXX_group_1,1.566915409,0.633924862,3.682751656,2.732090261,0.661628
10_006_XXX_group_2,1.515305568,0.603239049,3.28023982,2.736650524,0.666333
10_050_000_group_1,1.537911036,0.655003647,3.639927149,2.740089697,0.646746
10_050_000_group_2,1.496107581,0.594419478,3.383185387,2.742455721,0.653327
10_050_050_group_1,1.546901572,0.644356843,3.698682785,2.737744812,0.656994
10_050_050_group_2,1.497832368,0.59700513,3.271264791,2.740844207,0.661619
10_100_000_group_1,1.520191152,0.656093897,3.639927149,2.743053022,0.634588
10_100_000_group_2,1.488065158,0.595788112,3.872131586,2.743841512,0.642313
10_100_050_group_2,1.484300767,0.587406788,3.588410616,2.743623248,0.650441
11_000_000_group_1,1.985119424,0.668775125,4.050252438,2.655061527,0.789578
11_000_000_group_2,1.977971698,0.612301641,3.170866966,2.649909661,0.795275
11_000_050_group_1,1.945166418,0.668686743,3.884764671,2.660689877,0.779322
11_000_050_group_2,1.937206095,0.619471931,3.136687756,2.65613223,0.793794
11_000_XXX_group_2,1.960621462,0.608455173,3.412028074,2.652189743,0.791035
11_002_XXX_group_1,1.959387082,0.675981362,3.85183239,2.655576923,0.783812
11_004_XXX_group_1,1.93358738,0.611597741,3.443475962,2.662948213,0.773935
11_006_XXX_group_1,1.914540597,0.643469987,3.544446468,2.666433487,0.774345
11_006_XXX_group_2,1.924824542,0.616351948,3.232086182,2.660622476,0.787927
11_050_000_group_1,1.944295024,0.684846804,5.072846889,2.66444921,0.786287
11_050_050_group_1,1.899091533,0.62329889,3.295142889,2.670137062,0.776605
11_050_050_group_2,1.950181994,0.629699846,3.295142889,2.654612903,0.793318
12_000_000_group_1,1.91455008,0.618432712,3.437779427,2.658543136,0.813404
12_000_000_group_2,1.985865073,0.689123794,5.078638554,2.646981674,0.818728
12_000_050_group_1,1.936257748,0.641585615,3.637234211,2.657702098,0.81205
12_000_050_group_2,1.952002237,0.672523112,4.869810104,2.649168382,0.817145
12_000_100_group_1,1.909113457,0.619393337,3.432073355,2.66390169,0.803944
12_000_XXX_group_2,1.979493929,0.650354718,3.588410378,2.643611733,0.821488
12_002_XXX_group_1,1.917109142,0.63017207,3.577469587,2.662063633,0.806673
12_002_XXX_group_2,1.97817514,0.702517955,4.393771648,2.649968668,0.813257
12_004_XXX_group_2,1.953472549,0.641984973,3.533369541,2.646129963,0.822562
12_006_XXX_group_1,1.934173652,0.600373638,3.149159193,2.65621467,0.806089
12_006_XXX_group_2,1.939999884,0.615748211,3.201623678,2.655268333,0.813117
12_050_000_group_2,1.964883213,0.643930471,3.454840422,2.646275004,0.82076
12_050_050_group_1,1.970224036,0.638872368,3.735591173,2.648753315,0.818482
12_050_100_group_1,1.945596939,0.614088289,3.417767763,2.655248349,0.812333
12_050_100_group_2,1.937384894,0.634391112,3.547209978,2.649292678,0.816585
12_100_000_group_1,1.983900899,0.638142106,3.779924393,2.644175488,0.821812
12_100_000_group_2,1.988686654,0.643519796,3.533369541,2.639997741,0.824766
12_100_050_group_1,2.003850448,0.652270307,3.315895081,2.64227983,0.822744
12_100_050_group_2,1.953882517,0.656978698,3.533369541,2.645858053,0.821643
12_100_100_group_1,1.979712097,0.627125636,3.339454174,2.647499027,0.81675
12_100_100_group_2,1.966049516,0.657544816,3.547209978,2.650418271,0.819026
13_000_000_group_1,1.735867779,1.183721365,5.059305668,2.700476464,0.44563
13_000_000_group_2,1.74153388,1.201082376,5.059305668,2.706368892,0.407773
13_000_050_group_1,1.945235174,1.477198544,5.883214951,2.693941705,0.465975
13_000_050_group_2,2.345481873,2.091017564,8.130692482,2.695074022,0.456628
13_000_100_group_1,1.94310006,1.295618626,5.262480259,2.689873725,0.489492
13_000_100_group_2,2.318219971,1.778243469,6.560479641,2.677713207,0.485705
13_000_150_group_1,1.819435534,1.118478213,4.473343372,2.697708101,0.487817
13_000_150_group_2,2.219455044,1.717293652,6.560479641,2.691070545,0.498814
13_000_200_group_1,2.048539104,1.436859863,5.738177776,2.6940811,0.500565
13_000_200_group_2,2.296268857,1.73673143,7.190461159,2.685260561,0.507128
13_000_250_group_1,1.978658706,1.222104646,4.420454502,2.697359022,0.508399
13_000_250_group_2,1.899119648,1.129564423,4.257849216,2.695323525,0.490106
13_000_300_group_1,1.938249217,1.145469666,4.220863819,2.69582521,0.512101
13_000_300_group_2,1.840612092,1.051750979,4.257849216,2.696581024,0.480085
13_000_350_group_1,1.85937315,1.072334606,4.239396572,2.698929407,0.5039
13_000_350_group_2,1.817510246,1.030073327,4.257849216,2.695147421,0.473531
13_050_000_group_1,1.59852658,0.96194054,4.348936081,2.70860093,0.43617
13_050_000_group_2,1.519869278,0.840701011,3.706623077,2.715600112,0.403418
13_050_050_group_1,1.61448023,0.959346693,4.319543362,2.710381232,0.447476
13_050_050_group_2,1.986194329,1.698433672,6.967586517,2.702380061,0.442474
13_050_100_group_1,1.707392635,1.032647586,4.315004349,2.707906823,0.475647
13_050_100_group_2,2.117896766,1.681353767,6.495930672,2.690615086,0.47481
13_050_150_group_1,1.720204387,1.077898465,4.393771648,2.710856697,0.482706
13_050_150_group_2,2.1021113,1.668447169,6.495930672,2.699377869,0.493445
13_050_200_group_1,1.638965877,0.993401221,4.064743519,2.717642074,0.478958
13_050_200_group_2,2.124519284,1.72569796,7.102703571,2.698109745,0.492663
13_050_250_group_1,1.932541756,1.302711495,5.170428276,2.702356871,0.505543
13_050_250_group_2,1.935212744,1.248441154,5.909805775,2.692474034,0.495048
13_050_300_group_1,1.902131062,1.234615228,4.867798328,2.703277428,0.507221
13_050_300_group_2,1.841752152,1.127284723,4.901901245,2.694476009,0.480767
13_050_350_group_1,1.860733025,1.172003169,4.867798328,2.703188176,0.504172
13_050_350_group_2,1.888261701,1.149277248,4.901901245,2.687613501,0.479509
13_100_000_group_1,1.70231453,1.027130721,4.342170715,2.701511491,0.457329
13_100_000_group_2,1.56887338,0.846385398,3.674759865,2.712401078,0.42973
13_100_050_group_1,1.702999467,1.00168383,4.29451561,2.707938827,0.471802
13_100_050_group_2,1.971228824,1.67274658,6.967586517,2.705387462,0.458448
13_100_100_group_1,1.700356667,0.999700593,4.29451561,2.709692989,0.486953
13_100_100_group_2,2.037330731,1.653727935,6.495930672,2.696428211,0.476509
13_100_150_group_1,1.666523625,1.017699022,4.393771648,2.714263431,0.487387
13_100_150_group_2,2.001724816,1.650074876,6.491404057,2.703865886,0.482361
13_100_200_group_1,1.56888642,0.918955581,3.849287033,2.720995684,0.479836
13_100_200_group_2,2.002044345,1.717209671,7.102703571,2.702891844,0.473755
13_100_250_group_1,1.900056421,1.304044081,5.162841797,2.701632963,0.503172
13_100_250_group_2,1.883043119,1.229481417,5.719361305,2.695998654,0.48848
13_100_300_group_1,1.965080889,1.289976409,4.877852917,2.694739693,0.510138
13_100_300_group_2,2.166593817,1.565798354,6.555995941,2.684595363,0.502154
13_100_350_group_1,1.981109746,1.254694587,4.867798328,2.693476053,0.514253
13_100_350_group_2,2.343044593,1.725457058,6.835535526,2.672877413,0.508897
13_150_000_group_1,1.763456234,1.052377659,4.264748096,2.69753527,0.461632
13_150_000_group_2,1.602116449,0.86920131,3.674759865,2.711272563,0.440564
13_150_050_group_1,1.731804888,1.013859503,4.29451561,2.703073199,0.473746
13_150_050_group_2,1.920306633,1.703805575,8.568470955,2.707005065,0.460048
13_150_100_group_1,1.683699177,0.985785371,4.29451561,2.708877958,0.485488
13_150_100_group_2,1.946216685,1.501597036,6.606621742,2.699458416,0.480608
13_150_150_group_1,1.672199773,1.000161474,4.393771648,2.711173374,0.492121
13_150_150_group_2,1.92708082,1.498045363,6.606621742,2.705583282,0.484434
13_150_200_group_1,1.551968589,0.850104913,3.907402277,2.723364911,0.488084
13_150_200_group_2,2.005842188,1.874093298,9.266293526,2.706919629,0.480965
13_150_250_group_1,1.904705986,1.266865452,5.143826008,2.703335242,0.515541
13_150_250_group_2,1.907939899,1.201787242,5.719361305,2.691298162,0.504835
13_150_300_group_1,1.946124007,1.256483941,4.877853394,2.695843331,0.520245
13_150_300_group_2,2.820957023,2.573208055,9.091197968,2.67901213,0.534902
13_150_350_group_1,1.978225579,1.297687417,5.538300991,2.696830901,0.517392
13_150_350_group_2,2.668925164,1.933635121,6.84413147,2.646502253,0.547134
13_200_000_group_1,1.756643765,0.997663241,3.959718704,2.700637067,0.481163
13_200_000_group_2,1.583969468,0.837149983,3.552731037,2.712899816,0.454235
13_200_050_group_1,1.713224262,0.942379194,3.959718704,2.704795217,0.492162
13_200_050_group_2,1.573644471,0.830897029,3.377387285,2.714089357,0.460607
13_200_100_group_2,1.629974532,0.863389427,3.569242477,2.708146422,0.474471
13_200_150_group_1,1.632395676,0.929875612,4.01135397,2.717145725,0.500503
13_200_150_group_2,1.622705257,0.876709054,3.508320332,2.711057257,0.47523
13_200_200_group_1,1.55146652,0.844387323,3.874661207,2.724981158,0.495125
13_200_200_group_2,1.652288592,0.904149858,3.533369541,2.710817214,0.474617
13_200_250_group_1,1.80566686,1.180958077,5.143826008,2.709199312,0.509498
13_200_250_group_2,1.876554507,1.196634408,6.39865303,2.694748214,0.503712
13_200_300_group_2,2.879342456,2.311595347,7.871030807,2.66796221,0.552592
13_200_350_group_1,1.921896173,1.307339883,5.580605507,2.701116808,0.511361
13_200_350_group_2,2.750522227,1.925733968,6.175765038,2.631263132,0.574228
13_250_000_group_1,1.725855931,0.982074594,3.912414789,2.70705034,0.479548
13_250_000_group_2,1.592201491,0.83202709,3.552731037,2.716105283,0.462597
13_250_050_group_1,1.677766291,0.929433225,3.751298428,2.710502099,0.490441
13_250_050_group_2,1.910230445,1.582999633,7.442270279,2.717033441,0.48022
13_250_100_group_2,2.119684612,1.792341069,6.926679611,2.69914725,0.496927
13_250_150_group_1,1.670131262,0.971887684,4.129324436,2.720627567,0.502634
13_250_150_group_2,2.038662786,1.534066194,6.150324345,2.696095294,0.499592
13_250_200_group_1,1.64825483,0.92926959,4.129324436,2.71948857,0.508472
13_250_200_group_2,2.095442024,1.533152723,6.262430191,2.687566493,0.507397
13_250_250_group_1,1.750092521,1.008024621,4.129324436,2.713224163,0.516216
13_250_250_group_2,1.924136191,1.161610002,5.230728149,2.692394347,0.517191
13_250_300_group_1,1.78995355,1.033195648,4.129324436,2.708974606,0.515969
13_250_300_group_2,3.346354558,2.977995359,8.965288162,2.665879935,0.567676
13_250_350_group_1,1.815220379,1.134094068,5.580605507,2.707079272,0.509832
13_250_350_group_2,2.751016899,1.864037003,6.103942394,2.6270682,0.584358
13_300_000_group_1,1.649552221,0.92263158,3.748684883,2.709021901,0.463849
13_300_000_group_2,1.549893648,0.841565929,3.59386754,2.720270817,0.445715
13_300_050_group_1,1.64805397,0.914817137,3.769540071,2.710778695,0.479217
13_300_050_group_2,2.106183535,1.840736862,7.277162075,2.703099394,0.483473
13_300_100_group_1,1.636855002,0.89729035,3.751298428,2.715390048,0.490451
13_300_100_group_2,2.402020619,2.07211277,6.884105682,2.683911837,0.508139
13_300_150_group_1,1.856125391,1.269141485,5.554203033,2.709549538,0.509579
13_300_150_group_2,2.588526555,2.140389939,6.889796734,2.670859397,0.526405
13_300_200_group_1,1.904546244,1.342034539,5.66426754,2.710415817,0.520683
13_300_200_group_2,2.661370355,2.103709248,6.901166916,2.666038779,0.540283
13_300_250_group_1,1.947502497,1.352767336,5.66426754,2.705769063,0.522308
13_300_250_group_2,2.280336574,1.61066373,6.312305927,2.675733007,0.533161
13_300_300_group_1,1.99034781,1.354109627,5.726210594,2.698441387,0.528382
13_300_300_group_2,2.694486311,1.971497565,6.812558651,2.66096963,0.560461
13_300_350_group_1,1.819671387,1.096458542,5.580605507,2.706110907,0.509181
13_300_350_group_2,2.626699734,1.902944584,6.675973415,2.645115508,0.565769
13_350_000_group_1,1.712641644,0.994150461,3.772139072,2.708279464,0.465602
13_350_000_group_2,1.62408079,0.93949794,3.664077759,2.713229228,0.444115
13_350_050_group_1,1.706253512,0.985219104,3.919921637,2.711614434,0.475948
13_350_050_group_2,2.146595474,1.866431102,7.277162075,2.700796592,0.474857
13_350_100_group_1,1.679158075,0.956364218,3.751298428,2.71200982,0.479275
13_350_100_group_2,2.414568335,2.094069952,6.90968132,2.681073132,0.493617
13_350_150_group_1,1.785070286,1.258438294,5.54537344,2.713959484,0.479406
13_350_150_group_2,2.876381461,2.36540644,6.916769505,2.663388066,0.526096
13_350_200_group_1,1.89772632,1.366179993,5.700482845,2.705677379,0.493461
13_350_250_group_1,1.929650639,1.373046982,5.698762894,2.70406607,0.499912
13_350_250_group_2,2.591028615,1.873603895,6.320064545,2.659590081,0.541257
13_350_300_group_1,1.996246414,1.36876337,5.726210594,2.697159476,0.513051
13_350_300_group_2,3.018087392,2.489314545,8.969658852,2.662204062,0.549427
13_350_350_group_1,1.857958984,1.069539035,5.674637318,2.703121175,0.508672
13_350_350_group_2,2.364529565,1.628270079,6.557490349,2.663074412,0.534503
13_400_000_group_1,1.813573763,1.054365136,3.97207427,2.700077185,0.463472
13_400_000_group_2,1.707593141,0.951968312,3.677425623,2.70963822,0.449091
13_400_050_group_1,1.812456412,1.065005218,4.278512478,2.70253825,0.471432
13_400_050_group_2,2.177874852,1.798823489,7.277162075,2.695755907,0.476763
13_400_100_group_1,1.757691423,1.014426769,4.195247173,2.703627824,0.468767
13_400_100_group_2,2.407178658,2.029186708,6.90968132,2.68349622,0.488476
13_400_150_group_1,1.844820399,1.312217427,5.578849792,2.706662109,0.462247
13_400_150_group_2,2.982163087,2.367346369,6.884105682,2.649316427,0.523144
13_400_200_group_1,2.008630142,1.442521433,5.702201843,2.695207367,0.475502
13_400_200_group_2,3.18433413,2.33427586,6.935163021,2.630346081,0.54075
13_400_250_group_1,1.981837124,1.408286143,5.700482845,2.69799777,0.480958
13_400_250_group_2,2.78266441,2.04874806,6.313858509,2.653336573,0.526964
13_400_300_group_1,2.019763381,1.386834478,5.726210594,2.696836258,0.495973
13_400_300_group_2,2.657409706,1.888121104,6.323164463,2.657686448,0.526518
13_400_350_group_1,1.83162938,0.974684408,3.991762161,2.703523225,0.493885
13_400_350_group_2,2.089599043,1.251815926,5.247561932,2.683531856,0.496532
14_000_000_group_1,2.10344866,0.836923346,3.639927149,2.673813683,0.603575
14_000_000_group_2,2.141588848,0.922476016,3.831424475,2.673202911,0.596892
14_000_050_group_1,2.090385054,0.904074827,4.342170715,2.682679791,0.587337
14_000_050_group_2,2.114960333,0.968748822,4.342170715,2.682637183,0.585752
14_000_100_group_1,2.106096738,0.95949636,4.342170715,2.682272125,0.587125
14_000_100_group_2,2.085084905,0.973746107,4.342170715,2.683819244,0.590007
14_000_150_group_1,2.197163368,1.025442538,4.355690956,2.667768389,0.596003
14_000_150_group_2,2.198837791,1.01220515,4.342170715,2.667520405,0.606845
14_000_200_group_1,2.353372015,1.065037328,4.31273222,2.651893794,0.622305
14_000_200_group_2,2.219139092,0.963416304,4.145903111,2.661009697,0.635403
14_000_250_group_1,2.509935699,1.134528079,5.461685181,2.634145223,0.647302
14_000_300_group_1,2.522227714,1.119358996,4.79477644,2.634732859,0.652152
14_000_350_group_2,2.377761998,1.02503325,4.420454502,2.646275967,0.659958
14_000_400_group_1,2.359242069,1.040396565,4.813135147,2.647799769,0.634588
14_000_400_group_2,2.397376421,1.082763262,4.433736324,2.648021869,0.636952
14_050_000_group_1,2.095260243,0.826282758,4.136437893,2.674231195,0.617963
14_050_000_group_2,2.181447869,0.927793781,4.155347347,2.66818586,0.615715
14_050_050_group_1,2.061759311,0.836283716,3.769540071,2.682198641,0.603872
14_050_050_group_2,2.11208004,0.900281403,4.040563583,2.674034819,0.607402
14_050_100_group_1,2.046104669,0.875713346,4.162416458,2.683340997,0.598083
14_050_100_group_2,2.07909648,0.898485111,3.892324924,2.676595157,0.60939
14_050_150_group_1,2.152261586,0.952706176,4.071969986,2.671492314,0.600813
14_050_150_group_2,2.148327918,0.92644316,3.872131348,2.670554256,0.6156
14_050_200_group_1,2.486701519,1.179735512,5.50279808,2.64317833,0.638648
14_050_200_group_2,2.276034643,0.983223534,4.449180603,2.653720984,0.648378
14_050_250_group_1,2.619192875,1.182876513,5.461685181,2.620497521,0.671347
14_050_300_group_1,2.616189549,1.161640297,5.143826008,2.618706122,0.680947
14_050_300_group_2,2.390241712,1.037755002,4.402683735,2.639617719,0.668149
14_050_350_group_1,2.61604208,1.218033849,5.463479042,2.61684219,0.695346
14_050_350_group_2,2.461888997,1.073376558,4.619907379,2.626095603,0.685772
14_050_400_group_1,2.58200296,1.349118365,6.751873016,2.633412073,0.66984
14_050_400_group_2,2.632874542,1.317664615,5.908147812,2.628003289,0.671991
14_100_000_group_1,2.144939497,0.902771295,4.176517963,2.668618423,0.622911
14_100_000_group_2,2.180678546,0.974497543,4.176517963,2.667830195,0.621486
14_100_050_group_1,2.139985438,0.917007123,4.176517963,2.673801649,0.611516
14_100_050_group_2,2.161009324,0.966001366,4.176517963,2.673207347,0.615619
14_100_100_group_1,2.155648922,0.978431317,4.246325493,2.673954198,0.604023
14_100_100_group_2,2.141334573,0.973580121,4.246325493,2.672665264,0.614626
14_100_150_group_1,2.216873177,0.984198733,4.071969986,2.668842691,0.60763
14_100_150_group_2,2.18364026,0.933987659,3.861995697,2.667937676,0.622527
14_100_200_group_1,2.522766525,1.187558842,5.50279808,2.636436743,0.640483
14_100_200_group_2,2.315489025,1.008385571,4.449180603,2.651480735,0.64917
14_100_250_group_1,2.694011253,1.202909978,5.461685181,2.605745879,0.681236
14_100_250_group_2,2.365812675,1.010232995,4.46457243,2.636258768,0.667494
14_100_300_group_1,2.655733635,1.188180945,5.143826008,2.610087509,0.687761
14_100_300_group_2,2.361617183,1.02405455,4.402683735,2.63978001,0.671158
14_100_400_group_1,2.693513208,1.388779287,6.633268356,2.616023474,0.693547
14_150_000_group_1,2.194466163,0.942230741,4.176517963,2.66485111,0.627961
14_150_000_group_2,2.119353288,0.971689637,4.176517963,2.67286924,0.621759
14_150_050_group_1,2.17912304,0.927285492,4.164770126,2.669075375,0.625239
14_150_050_group_2,2.130755171,0.95173064,4.164770126,2.671513631,0.628323
14_150_100_group_1,2.13577252,0.96181109,4.232456207,2.674400779,0.605749
14_150_150_group_2,2.16682555,0.934370962,3.981930494,2.668476348,0.626028
14_150_200_group_1,2.403951696,1.164793917,5.50279808,2.650835339,0.62646
14_150_200_group_2,2.271358021,0.982171241,4.449180603,2.654285093,0.645333
14_150_250_group_1,2.509250609,1.16967643,5.143826008,2.624828429,0.653655
14_150_250_group_2,2.269943529,0.967280192,4.232456207,2.650062202,0.647451
14_150_300_group_1,2.513509271,1.179298252,5.143826008,2.63280814,0.667008
14_150_300_group_2,2.181163533,0.92005505,4.211566448,2.662825357,0.641965
14_150_350_group_1,2.66803919,1.259919429,5.540070057,2.609554787,0.703675
14_150_350_group_2,2.281804367,0.999185359,4.619907379,2.649884374,0.659637
14_150_400_group_1,2.880499676,1.565999508,6.412422657,2.597922786,0.706917
14_150_400_group_2,2.630267193,1.388444208,6.026387691,2.624621977,0.677707
14_200_000_group_1,2.128236765,0.918469602,4.176517963,2.669358094,0.62137
14_200_000_group_2,2.126936475,0.967510755,4.178863525,2.664365096,0.63502
14_200_050_group_1,2.12784802,0.890944645,4.164770126,2.671399343,0.624826
14_200_050_group_2,2.106747343,0.916299596,4.164770126,2.669517151,0.63923
14_200_100_group_1,2.119825112,0.919668535,4.211566448,2.671802393,0.615954
14_200_100_group_2,2.186617295,0.948114751,4.211566448,2.659717021,0.655216
14_200_150_group_1,2.128752916,0.909851234,3.782516479,2.670969193,0.61266
14_200_150_group_2,2.174440733,0.915054118,3.981930494,2.665915789,0.640538
14_200_200_group_1,2.339677508,1.195654769,6.888375759,2.65975986,0.627695
14_200_200_group_2,2.230987502,0.954413872,4.585843563,2.660440862,0.644311
14_200_250_group_1,2.473409875,1.188974539,5.741592884,2.635988652,0.646771
14_200_250_group_2,2.262238861,0.993929096,4.764020443,2.658693252,0.639464
14_200_300_group_1,2.442635123,1.159701785,5.741592884,2.636822548,0.657355
14_200_300_group_2,2.173593964,0.967467428,4.451383591,2.667621436,0.62917
14_200_350_group_1,2.812467289,1.523229463,6.563465595,2.616725513,0.686432
14_200_350_group_2,2.255798989,0.999708619,4.396001339,2.654524347,0.643471
14_200_400_group_1,2.994660677,1.617763229,6.603655815,2.588808787,0.707556
14_200_400_group_2,2.595027912,1.485111002,6.603655815,2.629456172,0.659934
14_250_000_group_1,1.988756793,0.850860704,3.826305866,2.678616101,0.594747
14_250_000_group_2,1.963077076,0.859829353,3.412028551,2.675708265,0.609329
14_250_050_group_1,2.075445755,0.896078321,4.199915886,2.677250577,0.609874
14_250_100_group_1,2.09707623,0.912949105,4.06233263,2.675628746,0.605662
14_250_100_group_2,2.140581535,0.935579805,4.071969986,2.664760443,0.634286
14_250_150_group_1,2.229328942,1.055226053,4.957561493,2.671011378,0.614021
14_250_150_group_2,2.187614289,0.952220253,3.981930494,2.667741654,0.632739
14_250_200_group_1,2.238462439,1.029721718,4.283090591,2.664065229,0.620785
14_250_200_group_2,2.218626633,0.970272035,4.006464481,2.67051819,0.631063
14_250_250_group_1,2.314959361,1.065038267,4.15770483,2.649855678,0.630765
14_250_250_group_2,2.230808168,1.005914453,4.223184586,2.668933216,0.620417
14_250_300_group_1,2.284192113,1.035969102,4.119821072,2.651444479,0.641556
14_250_300_group_2,2.126904698,0.975846025,4.223184586,2.676536486,0.614488
14_250_350_group_1,2.652026692,1.543856067,6.6686306,2.637944346,0.662014
14_250_350_group_2,2.18590534,1.052578984,5.646939278,2.671974378,0.620718
14_250_400_group_1,3.221585631,2.096260605,8.960914612,2.604531008,0.691091
14_250_400_group_2,2.693821216,1.742021597,7.183644295,2.647923428,0.645902
14_300_000_group_1,1.906918543,0.814079136,3.566495895,2.678339083,0.580319
14_300_000_group_2,1.928006028,0.837948141,3.777331114,2.673711523,0.601826
14_300_050_group_1,2.007503078,0.892788792,3.82374382,2.676689881,0.593476
14_300_050_group_2,1.92449343,0.837678958,3.761733055,2.680642147,0.59588
14_300_100_group_1,2.054776609,0.91553628,3.769540071,2.67630953,0.59324
14_300_100_group_2,2.040133259,0.897601963,3.782516479,2.670813709,0.607819
14_300_150_group_1,2.187458945,1.04601229,4.951628208,2.667368053,0.607285
14_300_150_group_2,2.085885523,0.918825237,4.064743519,2.673581907,0.609262
14_300_200_group_1,2.198726849,1.023690514,4.283090591,2.664952834,0.614605
14_300_200_group_2,2.127394324,0.9419439,4.006464481,2.673954206,0.615332
14_300_250_group_1,2.221027138,1.018974631,4.119821072,2.659487326,0.621187
14_300_250_group_2,2.148541762,0.975404713,4.211566448,2.677555675,0.611182
14_300_300_group_1,2.239943546,1.00245397,4.119821072,2.657201313,0.632435
14_300_300_group_2,2.085414897,0.973451472,4.211566448,2.686165641,0.605728
14_300_350_group_1,2.590038049,1.509045824,6.6686306,2.642138505,0.646934
14_300_350_group_2,2.087914511,0.968008765,4.211566448,2.686286408,0.603843
14_300_400_group_1,2.946469786,1.77587591,7.029197693,2.613590211,0.670415
14_300_400_group_2,2.294610873,1.302438444,7.029197693,2.674166266,0.616877
14_350_000_group_1,1.920168003,0.825936117,3.488712549,2.679293499,0.575838
14_350_050_group_1,1.993208862,0.907512196,3.82374382,2.679079746,0.583677
14_350_050_group_2,1.985491701,0.934264923,4.69564867,2.679151387,0.585976
14_350_100_group_1,2.03367793,0.921812444,3.769540071,2.675841415,0.586737
14_350_100_group_2,2.043814142,0.959993322,4.662137985,2.676986217,0.59088
14_350_150_group_1,2.250270455,1.069861856,4.949648857,2.662035464,0.617845
14_350_200_group_1,2.261284847,1.060490551,4.96743536,2.654398906,0.625204
14_350_200_group_2,2.134157146,0.951215037,4.006464481,2.668049631,0.612141
14_350_250_group_1,2.253060104,1.009512096,4.119821072,2.652236552,0.631188
14_350_250_group_2,2.104384044,0.956408326,4.220863342,2.676235799,0.609638
14_350_300_group_1,2.249814967,0.986964911,4.119821072,2.650656427,0.642017
14_350_300_group_2,2.099826801,0.971669194,4.220863342,2.676301868,0.616946
14_350_350_group_1,2.363623646,1.311908701,6.727153778,2.656762813,0.628775
14_350_350_group_2,2.098042634,0.963226828,4.220863342,2.680152729,0.608315
14_350_400_group_2,2.17162634,0.994849328,4.220863342,2.677110259,0.615854
14_400_000_group_1,1.988228281,0.873668579,3.61290431,2.679468046,0.572986
14_400_000_group_2,2.064820237,0.986901874,4.488651752,2.677026115,0.58674
14_400_050_group_1,2.01515547,0.914615213,3.821180105,2.680455718,0.581231
14_400_050_group_2,2.045202242,0.994342126,4.475534439,2.679523455,0.58426
14_400_100_group_1,2.01527124,0.922672555,3.792865038,2.682629517,0.572983
14_400_100_group_2,2.103795344,1.032177697,4.455783844,2.674489198,0.582618
14_400_150_group_1,2.136351789,1.031992714,5.107500553,2.672778724,0.595213
14_400_150_group_2,2.106480449,0.985857161,4.155347347,2.672585691,0.597067
14_400_200_group_1,2.158437308,1.033204814,4.162416458,2.668986681,0.602547
14_400_200_group_2,2.125343046,0.984259312,3.989305973,2.675035844,0.606629
14_400_250_group_2,2.12284369,0.992318573,4.211566448,2.675682469,0.606184
14_400_300_group_1,2.198932493,0.975524031,4.136437893,2.659001641,0.628346
14_400_300_group_2,2.068515791,0.94089503,4.220863342,2.680348768,0.610355
14_400_350_group_1,2.164504618,0.977784874,4.869810581,2.666772998,0.62063
14_400_350_group_2,2.095689407,0.967077423,4.257849216,2.679205926,0.606546
14_400_400_group_1,2.200574996,0.971620804,4.915875912,2.664086934,0.618113
14_400_400_group_2,2.203518569,1.004403563,4.267045021,2.66832245,0.612554
15_000_000_group_1,2.111588296,0.849805938,4.004018307,2.674208386,0.676244
15_000_000_group_2,2.169170762,0.897616455,4.899901867,2.668955893,0.657688
15_000_050_group_1,2.121375328,0.84169786,4.38260603,2.668223179,0.686832
15_000_050_group_2,2.113682422,0.812912721,4.176517963,2.67309452,0.662396
15_000_100_group_2,2.13276399,0.820201289,4.32407856,2.669483412,0.661497
15_000_150_group_1,2.259479416,0.945172829,4.579427719,2.655592939,0.694932
15_000_150_group_2,2.192576398,0.85818289,4.745471954,2.666547252,0.659409
15_000_200_group_1,2.156336772,0.896945147,4.5429039,2.665665426,0.688558
15_000_200_group_2,2.105221282,0.819756963,3.82374382,2.680506747,0.653182
15_000_250_group_1,2.242800893,1.031470347,4.780448437,2.663866917,0.690261
15_000_250_group_2,2.132480848,0.824899368,3.782516479,2.675265451,0.652663
15_000_300_group_1,2.117963775,0.962346924,4.708154202,2.679441818,0.679811
15_000_300_group_2,2.133221811,0.894493028,4.915875912,2.67601957,0.657456
15_000_350_group_1,2.107020975,0.916870491,4.724776268,2.680199782,0.675805
15_000_350_group_2,2.119635119,0.909948523,4.701906204,2.679534661,0.656595
15_050_000_group_1,2.111690616,0.812586251,4.05991888,2.672432828,0.683086
15_050_050_group_1,2.102830794,0.794911087,4.387075424,2.673165384,0.684002
15_050_050_group_2,2.114937603,0.808587756,4.232456207,2.678345824,0.658706
15_050_100_group_2,2.13816192,0.816639263,4.220863342,2.672622498,0.656676
15_050_150_group_1,2.264624428,0.889371598,4.5429039,2.655108264,0.692522
15_050_150_group_2,2.138867054,0.807942218,3.849287033,2.67308991,0.654588
15_050_200_group_1,2.201179691,0.890420865,4.5429039,2.661492895,0.691172
15_050_200_group_2,2.097514045,0.824480739,4.342170715,2.680618285,0.651796
15_050_250_group_1,2.276720545,1.027362228,4.780448437,2.657478204,0.693777
15_050_250_group_2,2.095686731,0.79622639,3.566495895,2.677692794,0.652495
15_050_300_group_1,2.111508143,0.922997162,4.708154202,2.681196487,0.681292
15_050_300_group_2,2.10875728,0.879855677,4.915875912,2.679480609,0.658829
15_050_350_group_1,2.111216585,0.915532918,4.720625401,2.677391378,0.67803
15_050_350_group_2,2.117559655,0.939423332,4.827366829,2.684231811,0.660169
15_100_000_group_1,2.102083799,0.790028788,3.872131586,2.672856557,0.69128
15_100_000_group_2,2.135498835,0.794650375,3.92491889,2.671630992,0.666145
15_100_050_group_1,2.098207149,0.749696461,3.533369541,2.672702926,0.688897
15_100_050_group_2,2.119038037,0.770890939,3.874661207,2.676439778,0.667683
15_100_100_group_1,2.178051243,0.812110738,4.5429039,2.66408273,0.68949
15_100_100_group_2,2.168185933,0.797283113,3.907402515,2.672373543,0.666465
15_100_150_group_1,2.229051928,0.861227729,4.51043129,2.661385599,0.691826
15_100_200_group_1,2.155671986,0.859561703,4.51043129,2.670412449,0.688529
15_100_200_group_2,2.129370008,0.828625334,3.664077759,2.67928046,0.657526
15_100_250_group_1,2.207903964,0.978006025,5.11325264,2.66981627,0.689877
15_100_250_group_2,2.117355108,0.833115645,3.66407752,2.678254076,0.655636
15_100_300_group_1,2.076615907,0.892523788,5.10366106,2.680553115,0.68305
15_100_300_group_2,2.107426194,0.885655547,4.949648857,2.682500419,0.66237
15_100_350_group_1,2.130133058,0.967817437,5.10366106,2.673751381,0.68757
15_100_350_group_2,2.088273296,0.926328856,4.788640976,2.685687056,0.669519
15_150_000_group_1,2.146001314,0.826468766,4.030849934,2.667933572,0.699135
15_150_000_group_2,2.12609646,0.814413643,3.96466589,2.674295254,0.666957
15_150_050_group_1,2.163727855,0.842059994,4.119821072,2.667487784,0.700053
15_150_050_group_2,2.180166018,0.847853043,4.257849216,2.674455987,0.673085
15_150_100_group_1,2.222208204,0.850238178,4.119821072,2.657197271,0.704544
15_150_100_group_2,2.213510794,0.855499646,4.257849216,2.664796375,0.674706
15_150_150_group_1,2.287273033,0.885039675,4.119821072,2.651549883,0.706667
15_150_150_group_2,2.22254122,0.853734149,4.257849216,2.664702358,0.671059
15_150_200_group_1,2.206046914,0.883709095,4.817205906,2.667718308,0.695896
15_150_200_group_2,2.161631766,0.859469852,4.889891624,2.676594061,0.665961
15_150_250_group_2,2.086634352,0.810837206,3.585678101,2.68178357,0.65995
15_150_300_group_1,2.056685006,0.778573792,4.202248573,2.681783223,0.687326
15_150_300_group_2,2.077273746,0.80043667,3.777331114,2.681236343,0.663008
15_150_350_group_1,2.082386768,0.880559942,4.617785931,2.67886478,0.684578
15_150_350_group_2,2.042856689,0.827385227,4.796819687,2.684867799,0.670599
15_200_000_group_1,2.144830889,0.847036118,4.06233263,2.670206053,0.701036
15_200_000_group_2,2.041764137,0.779358983,3.882241011,2.684231094,0.662036
15_200_050_group_1,2.162047587,0.861336788,3.9448421,2.669027029,0.702994
15_200_050_group_2,2.107938431,0.844181643,3.981930494,2.680353588,0.666229
15_200_100_group_1,2.189397017,0.844023205,3.9448421,2.658288991,0.708996
15_200_100_group_2,2.168658751,0.857529097,3.981930494,2.669213273,0.67467
15_200_150_group_1,2.258974502,0.865428172,3.981930494,2.655397629,0.708991
15_200_150_group_2,2.213306535,0.893520745,3.981930494,2.668382208,0.672547
15_200_200_group_1,2.207288245,0.850183691,4.122198582,2.664442384,0.703609
15_200_200_group_2,2.185617915,0.889932287,4.100747585,2.673860447,0.671814
15_200_250_group_1,2.132059178,0.836561283,4.155347347,2.672137633,0.694861
15_200_250_group_2,2.130644922,0.868713357,3.932401657,2.680081801,0.666542
15_200_300_group_2,2.101110555,0.851470253,4.064743519,2.680963744,0.66655
15_200_350_group_1,2.118425629,0.91741793,4.605035305,2.67614062,0.689436
15_200_350_group_2,2.056942385,0.853031531,5.31989336,2.686298272,0.6719
15_250_000_group_1,2.24711064,0.925412743,4.223184586,2.656742895,0.714872
15_250_000_group_2,2.090239424,0.859530378,4.223184586,2.681722507,0.666544
15_250_050_group_1,2.247888243,0.933984873,4.223184586,2.662033291,0.713058
15_250_050_group_2,2.136859605,0.897483137,4.223184586,2.677697227,0.669202
15_250_100_group_1,2.18530063,0.853311364,3.9448421,2.658260891,0.71339
15_250_100_group_2,2.160365105,0.847908629,3.981930494,2.669692718,0.679626
15_250_150_group_1,2.174088661,0.846199863,3.962193012,2.665054304,0.705169
15_250_150_group_2,2.182885943,0.882391987,3.981930494,2.672241617,0.677362
15_250_200_group_1,2.14566818,0.835093938,4.122198582,2.672026943,0.700841
15_250_200_group_2,2.180641931,0.870348928,4.107910156,2.674160151,0.67812
15_250_250_group_1,2.116983932,0.838303917,3.972074032,2.67327696,0.697228
15_250_250_group_2,2.102877934,0.835766364,3.932401657,2.679005334,0.673909
15_250_300_group_1,2.093532515,0.868508447,4.32407856,2.679924426,0.687936
15_250_300_group_2,2.077158996,0.822710608,4.064743519,2.679859111,0.672548
15_250_350_group_1,2.09909638,0.919944523,4.998900414,2.67902028,0.687832
15_250_350_group_2,2.026074712,0.776105683,3.785106421,2.68424998,0.674289
15_300_000_group_1,2.291016187,0.941987855,4.15770483,2.646029795,0.722986
15_300_000_group_2,2.084011561,0.882385002,4.15770483,2.679864361,0.670496
15_300_100_group_1,2.203215557,0.879878347,4.110295296,2.656314776,0.715954
15_300_100_group_2,2.091333926,0.853679768,4.110295296,2.680227876,0.672385
15_300_150_group_1,2.167575403,0.843824861,4.117441654,2.666434629,0.707121
15_300_150_group_2,2.099239873,0.856324662,4.110295296,2.684233139,0.668337
15_300_200_group_1,2.174734691,0.8528718,5.095975399,2.668693101,0.702185
15_300_200_group_2,2.162396707,0.887667451,4.77839756,2.674232027,0.672913
15_300_250_group_1,2.196603515,0.860158809,3.972073555,2.665130612,0.699865
15_300_250_group_2,2.138971669,0.843000403,3.962193012,2.675182843,0.673619
15_300_300_group_1,2.17385546,0.903103005,4.303633213,2.672394804,0.689186
15_300_300_group_2,2.163586215,0.873205397,4.064743519,2.672270457,0.67322
15_300_350_group_1,2.143139666,0.893857948,4.32407856,2.674978856,0.684006
15_300_350_group_2,2.143186347,0.843732952,3.874661207,2.673230156,0.673935
15_350_000_group_1,2.225004802,0.90324756,4.174170971,2.651506844,0.721536
15_350_000_group_2,2.084980594,0.876684593,4.174170971,2.679598379,0.67797
15_350_050_group_1,2.201831467,0.909350592,4.183551788,2.659192893,0.709686
15_350_050_group_2,2.069713427,0.877945866,4.183551788,2.679523588,0.674964
15_350_100_group_2,2.021141587,0.802162751,4.069562435,2.686586758,0.668133
15_350_150_group_1,2.049858556,0.779846009,4.030849934,2.681512482,0.69367
15_350_150_group_2,2.03230764,0.800350218,4.047832012,2.687018917,0.665028
15_350_200_group_1,2.065721521,0.786564391,4.404909134,2.681890679,0.693117
15_350_200_group_2,2.117544472,0.843571242,4.404909134,2.679758613,0.670817
15_350_250_group_1,2.107813304,0.823123713,3.962192774,2.678205051,0.69201
15_350_250_group_2,2.126705604,0.834767743,3.967136383,2.677385244,0.672859
15_350_300_group_1,2.108314199,0.863312139,4.273929119,2.683691343,0.684515
15_350_300_group_2,2.200494753,0.918613519,4.827366829,2.67406326,0.677554
15_350_350_group_1,2.14220017,0.865124151,4.25784874,2.675208592,0.686755
15_350_350_group_2,2.222493119,0.94709944,4.961513519,2.667374001,0.680542
15_400_000_group_1,2.180918723,0.920674959,5.619104385,2.655906016,0.719997
15_400_000_group_2,2.121766305,0.895808938,4.501732826,2.673832562,0.682554
15_400_050_group_1,2.16468401,0.886555756,4.183551311,2.661491326,0.71113
15_400_100_group_1,2.070072461,0.817452859,4.098357201,2.677783051,0.701091
15_400_100_group_2,2.026196671,0.79486466,3.952287674,2.684564345,0.669445
15_400_150_group_1,1.991952777,0.77415498,4.098357201,2.686781529,0.691082
15_400_150_group_2,2.008983252,0.753720567,3.952287674,2.68741689,0.666397
15_400_200_group_1,2.029620933,0.784947828,4.098357201,2.686378563,0.686893
15_400_200_group_2,2.095320486,0.799834388,4.155347347,2.677845095,0.670015
15_400_250_group_1,2.051903117,0.815222108,4.321811676,2.685468873,0.684297
15_400_300_group_1,2.070427895,0.830645428,4.119820595,2.682356435,0.681661
15_400_300_group_2,2.185640181,0.903396135,4.69564867,2.67251279,0.676495
15_400_350_group_1,2.126516102,0.838511129,4.15770483,2.673386481,0.681235
15_400_350_group_2,2.247109911,0.995044306,4.811099529,2.666470263,0.680285
16_000_000_group_1,2.411043966,0.940311372,4.557979107,2.5827856,0.786019
16_000_000_group_2,2.375246471,1.029643067,5.210078239,2.575146271,0.814629
16_000_050_group_1,2.293889602,0.872524082,4.69564867,2.590119438,0.782091
16_000_050_group_2,2.381775063,1.090670182,6.140757561,2.578291581,0.815638
16_000_100_group_1,2.355402834,0.915772946,4.947668076,2.590463933,0.78062
16_000_100_group_2,2.336669251,1.014226711,5.772232533,2.596561988,0.805949
16_000_150_group_1,2.354791624,0.933478998,4.570860386,2.598857591,0.771956
16_000_150_group_2,2.251352477,0.955800872,5.465272427,2.601993981,0.782817
16_000_200_group_1,2.420305591,0.930295498,4.883876324,2.595761003,0.766568
16_000_200_group_2,2.325429427,0.98712599,5.465272427,2.59351591,0.774135
16_000_250_group_1,2.527910728,0.968807086,4.907895088,2.583748866,0.766341
16_000_250_group_2,2.435085217,1.039194151,5.511695385,2.590256126,0.768779
16_000_300_group_1,2.539822332,0.958364948,4.907895088,2.585146462,0.769425
16_000_300_group_2,2.487572553,0.997334483,4.636846066,2.575046971,0.775914
16_000_350_group_1,2.545263624,0.949312887,4.907895088,2.574892007,0.782563
16_000_350_group_2,2.501792111,0.966733149,4.202248573,2.577684587,0.790729
16_000_400_group_1,2.5359979,0.952166999,4.737204552,2.583201105,0.779779
16_000_400_group_2,2.418568334,0.932006209,4.15770483,2.589777389,0.786265
16_050_000_group_1,2.255513902,0.887942673,4.77839756,2.605767163,0.758821
16_050_000_group_2,2.784646146,1.76290204,7.467246532,2.583027489,0.819517
16_050_050_group_1,2.156386212,0.819114368,3.9448421,2.612807473,0.754869
16_050_050_group_2,2.768698579,1.937124397,8.377635956,2.597976054,0.816884
16_050_100_group_1,2.330757501,0.990007794,5.403964996,2.597369804,0.764056
16_050_100_group_2,2.759513734,1.872380623,8.643622398,2.594905721,0.814362
16_050_150_group_1,2.454601274,1.007197762,4.869810104,2.5861403,0.77123
16_050_150_group_2,2.583616879,1.603341206,8.829817772,2.592421909,0.802099
16_050_200_group_1,2.519542787,1.003844478,4.875843525,2.576325024,0.785002
16_050_200_group_2,2.421984619,1.177327157,6.47326231,2.591156846,0.798875
16_050_250_group_1,2.470859926,0.959512423,4.905899525,2.577401574,0.787754
16_050_250_group_2,2.302798416,0.948860172,4.69773531,2.595595198,0.788628
16_050_300_group_1,2.571631169,0.987082683,4.917869091,2.574760302,0.786936
16_050_300_group_2,2.475618661,0.991843536,4.755785465,2.583994765,0.791085
16_050_350_group_1,2.421570526,0.92644555,4.917869091,2.590997171,0.784312
16_050_350_group_2,2.495476661,0.969760103,4.755785465,2.58486606,0.791341
16_050_400_group_1,2.497742642,1.020521221,5.901508808,2.590099802,0.776518
16_050_400_group_2,2.429853388,0.942973815,4.583705425,2.595309842,0.779204
16_100_000_group_1,2.401488165,1.003336461,5.775626659,2.589029637,0.743312
16_100_050_group_1,2.286072268,0.915554263,4.774294853,2.5945514,0.74429
16_100_100_group_1,2.476045779,1.188152069,7.068125725,2.587122669,0.759598
16_100_100_group_2,3.028444761,2.067100819,8.41149044,2.581488387,0.818268
16_100_150_group_1,2.50415507,1.118040251,5.501017094,2.580632645,0.769011
16_100_150_group_2,2.704084904,1.594473721,7.526070118,2.576274945,0.806522
16_100_200_group_1,2.587016102,1.085355461,4.907895088,2.57135132,0.779103
16_100_200_group_2,2.50321049,1.193673027,6.288975716,2.575473132,0.802861
16_100_250_group_1,2.458889804,0.997536262,4.883876324,2.585008037,0.776701
16_100_250_group_2,2.281280069,0.907966008,4.427100182,2.590853941,0.786537
16_100_300_group_1,2.515475963,0.962990014,4.859737873,2.580699521,0.780068
16_100_300_group_2,2.412543778,0.910397395,4.411578178,2.584968371,0.784498
16_100_350_group_1,2.362039568,0.875570394,4.590115547,2.602249629,0.777706
16_100_350_group_2,2.379974441,0.886657105,4.482097149,2.599645919,0.782645
16_100_400_group_2,2.316582875,0.834964287,4.033280373,2.611974785,0.769031
16_150_000_group_1,2.367393559,0.99291292,5.157144547,2.589500334,0.74534
16_150_000_group_2,2.399497692,1.087056683,5.321735382,2.574144477,0.815849
16_150_050_group_1,2.314595262,0.93723681,4.375892639,2.587202617,0.749907
16_150_100_group_1,2.487506938,1.072480405,5.403964996,2.572850929,0.766575
16_150_150_group_1,2.553891333,1.116658637,5.447312355,2.569818195,0.780029
16_150_200_group_1,2.649730515,1.1348664,4.981225967,2.570496793,0.791446
16_150_200_group_2,2.703711639,1.35936913,6.24833107,2.551759676,0.828164
16_150_250_group_1,2.540058518,1.058498801,4.883876324,2.572415316,0.788492
16_150_250_group_2,2.381979222,1.036366244,4.979257584,2.57557758,0.80767
16_150_300_group_1,2.609157949,1.066002609,5.447312355,2.577663616,0.783822
16_150_300_group_2,2.541888345,1.044059875,4.979257584,2.573747455,0.794785
16_150_350_group_1,2.43908793,0.916937655,4.68729353,2.594873332,0.777446
16_150_350_group_2,2.505479314,0.972530307,5.208197117,2.587798355,0.784779
16_150_400_group_1,2.496912554,0.952903632,5.076708794,2.592850809,0.777003
16_150_400_group_2,2.448858822,0.872951651,4.534267426,2.60291745,0.771718
16_200_000_group_1,2.407174471,1.006231189,5.247561932,2.593041517,0.733221
16_200_000_group_2,2.719387083,1.663958383,7.442270756,2.580899742,0.78914
16_200_050_group_1,2.354464393,0.998843757,5.088276863,2.581404015,0.744271
16_200_050_group_2,2.954961797,1.969375827,7.715103149,2.581610738,0.79895
16_200_100_group_1,2.484585117,1.098119419,5.848130703,2.577730695,0.76371
16_200_100_group_2,2.951100291,1.938420648,7.76700592,2.563956525,0.812265
16_200_150_group_1,2.559730371,1.176597869,5.495670795,2.568361576,0.781178
16_200_200_group_1,2.719141736,1.187268344,5.204432487,2.557015064,0.793381
16_200_200_group_2,2.677140127,1.308587333,6.260865211,2.561039384,0.816219
16_200_250_group_1,2.65476689,1.182821427,5.669454575,2.570305079,0.787579
16_200_250_group_2,2.456410291,1.08378746,5.540070057,2.580941921,0.801875
16_200_300_group_1,2.57393901,1.043450513,5.269922733,2.57430584,0.780238
16_200_300_group_2,2.437517792,0.938418297,5.279212475,2.585438485,0.78848
16_200_350_group_1,2.408112081,0.879539738,4.396001339,2.596439971,0.76969
16_200_350_group_2,2.410469464,0.939080938,5.210078239,2.59683977,0.776126
16_200_400_group_1,2.3828866,0.851656933,4.050252438,2.60386041,0.771425
16_200_400_group_2,2.359348201,0.843988261,4.835479736,2.606328511,0.771841
16_250_000_group_1,2.459968136,0.975447279,5.136199474,2.590287366,0.745687
16_250_000_group_2,2.48667898,1.338437534,7.329492569,2.593285996,0.778369
16_250_050_group_1,2.39413285,0.984287276,5.088276863,2.586963284,0.755325
16_250_050_group_2,2.728381484,1.681106271,7.701118469,2.572271447,0.792693
16_250_100_group_1,2.427727866,0.972137041,4.37813139,2.584276435,0.767236
16_250_100_group_2,2.681640499,1.705213083,8.062914848,2.571321714,0.802282
16_250_150_group_1,2.427812642,0.984269142,4.37813139,2.5936541,0.775714
16_250_150_group_2,2.641673346,1.46326692,7.378795624,2.571152858,0.805427
16_250_200_group_1,2.552958413,0.996734028,4.636846542,2.585612554,0.777707
16_250_200_group_2,2.671543441,1.322990821,7.4711833,2.568008193,0.808254
16_250_250_group_1,2.549413488,1.068260291,5.669454575,2.592793465,0.772062
16_250_250_group_2,2.422687016,1.023771767,5.02041769,2.590095412,0.792727
16_250_300_group_1,2.515290774,0.988522556,4.759904861,2.590366088,0.770325
16_250_300_group_2,2.415280881,0.918747223,4.402683735,2.593251603,0.785007
16_250_350_group_1,2.491709048,0.94449195,4.503908157,2.595211748,0.769448
16_250_350_group_2,2.439838261,0.952945229,5.210078239,2.599051245,0.777953
16_250_400_group_1,2.440023491,0.91474596,4.384841442,2.599848859,0.777303
16_250_400_group_2,2.353616322,0.85974769,4.835479736,2.607900637,0.77763
16_300_000_group_1,2.397004803,0.901158429,4.657932281,2.605537047,0.754191
16_300_000_group_2,2.42640979,1.046747235,5.849805832,2.60256108,0.768385
16_300_050_group_1,2.345468428,0.953094373,5.522352695,2.606717447,0.756969
16_300_050_group_2,2.468165113,1.186507847,6.538034916,2.588642726,0.783262
16_300_100_group_1,2.395598399,0.941200506,4.446978092,2.596370283,0.764383
16_300_100_group_2,2.429799976,1.15768791,6.809679985,2.590820178,0.783939
16_300_150_group_1,2.403154646,0.931136819,4.404909134,2.593020119,0.773277
16_300_150_group_2,2.444429942,1.112733937,6.436828136,2.588922226,0.787728
16_300_200_group_1,2.516705937,0.992146166,4.636846542,2.589673543,0.775351
16_300_200_group_2,2.456850891,1.009675204,5.12665081,2.586339283,0.793976
16_300_250_group_1,2.51186269,1.064137604,5.854829788,2.594300551,0.776253
16_300_250_group_2,2.401105369,0.956540345,5.210078239,2.59958512,0.782837
16_300_300_group_1,2.443537832,0.990089717,4.77839756,2.594223816,0.7747
16_300_300_group_2,2.366760113,0.93030963,5.181788445,2.599656153,0.783251
16_300_350_group_1,2.388640041,0.914765066,4.605035305,2.598847736,0.773339
16_300_350_group_2,2.390712542,0.912022076,5.387619495,2.602807488,0.78016
16_300_400_group_1,2.418392718,0.931981566,4.638958454,2.59532189,0.780996
16_300_400_group_2,2.404701526,0.918375031,4.835479736,2.604510179,0.783649
16_350_000_group_1,2.427763387,1.07647169,6.084646225,2.612757446,0.747381
16_350_050_group_1,2.409804278,1.11707288,6.557490349,2.608484154,0.75774
16_350_050_group_2,2.505287,1.147924314,5.504579067,2.586282677,0.775065
16_350_100_group_1,2.321823321,0.894769971,4.01135397,2.60316999,0.758494
16_350_100_group_2,2.305506645,0.861937549,3.912414551,2.599486394,0.768394
16_350_150_group_1,2.404554084,0.932130821,4.508257389,2.591818819,0.768323
16_350_150_group_2,2.334542905,0.871686948,4.488651752,2.604251249,0.769556
16_350_200_group_1,2.500557858,1.004403997,5.495670795,2.591302408,0.771706
16_350_200_group_2,2.354106511,0.859717978,4.570860386,2.605358813,0.777216
16_350_250_group_1,2.472984884,0.987251896,4.672636509,2.594214075,0.770223
16_350_250_group_2,2.351300554,0.858936538,4.575146198,2.616199626,0.770369
16_350_300_group_1,2.504926578,0.996050097,4.5429039,2.586042189,0.773709
16_350_300_group_2,2.376060785,0.90087362,4.575146198,2.615693788,0.773622
16_350_350_group_1,2.475564043,0.980034398,4.647400856,2.589984807,0.774431
16_350_350_group_2,2.434320673,0.908964305,4.369169235,2.606439613,0.778115
16_350_400_group_1,2.460046872,0.967961589,4.622028351,2.595686118,0.77939
16_350_400_group_2,2.469824891,0.955408951,5.367573738,2.602984094,0.784365
16_400_000_group_1,2.511066424,1.084663164,6.084646225,2.604281658,0.749978
16_400_000_group_2,2.613613257,1.219809732,5.468857765,2.58543061,0.76246
16_400_050_group_1,2.444630625,1.079364767,6.084646225,2.603283624,0.75412
16_400_050_group_2,2.63742825,1.17097729,5.599887848,2.571327418,0.776529
16_400_100_group_1,2.379164999,0.918020771,5.848130703,2.599515255,0.764027
16_400_100_group_2,2.553433994,1.114966388,6.105548382,2.583574913,0.778517
16_400_150_group_1,2.42773354,0.936657319,4.788640976,2.591685057,0.771508
16_400_150_group_2,2.559443754,1.108289819,6.123177052,2.583381967,0.782343
16_400_200_group_1,2.438476168,0.966274852,4.72270155,2.596305637,0.771996
16_400_200_group_2,2.508371628,1.047493068,6.349455833,2.594251867,0.782233
16_400_250_group_1,2.474581414,0.998894314,4.949648857,2.594843782,0.774243
16_400_250_group_2,2.371027672,0.844783464,4.06233263,2.607825341,0.773682
16_400_300_group_1,2.438272535,0.96880807,4.5429039,2.597389125,0.774964
16_400_300_group_2,2.371961802,0.877503338,4.199915886,2.609403194,0.779483
16_400_350_group_1,2.451048441,0.951670852,4.404909134,2.588871095,0.780892
16_400_350_group_2,2.440397413,0.902180462,4.204580307,2.601065133,0.784382
16_400_400_group_1,2.445554642,0.949847893,5.277356625,2.590228524,0.786748
16_400_400_group_2,2.434057573,0.951022498,5.362093925,2.599790304,0.789807
17_000_000_group_1,1.639296805,0.529349263,2.721857309,2.699214359,0.787254
17_000_000_group_2,1.603537968,0.533055892,3.025365114,2.706695035,0.781624
17_000_050_group_1,1.623570628,0.531817057,2.750508547,2.704154827,0.785778
17_000_050_group_2,1.619118798,0.538423283,2.916515112,2.707046201,0.778
17_000_100_group_1,1.568012246,0.52441591,2.782389402,2.71161552,0.776833
17_050_000_group_1,1.642293414,0.541682017,2.92992425,2.696405976,0.789095
17_050_050_group_1,1.619349735,0.524001033,2.79293561,2.702500473,0.786177
17_050_100_group_1,1.561950615,0.519997457,2.79293561,2.711805921,0.778494
17_100_000_group_1,1.664954938,0.553609062,3.073568344,2.696849883,0.78863
17_100_000_group_2,1.647514582,0.553883124,2.966487885,2.701152997,0.786109
17_100_050_group_2,1.637688571,0.541299784,2.98295927,2.705025993,0.781092
17_100_100_group_1,1.570814471,0.526200309,2.792935371,2.712590761,0.77611
17_100_100_group_2,1.63165689,0.551525942,3.525039434,2.709156451,0.775714
18_000_000_group_1,1.784530672,0.565217837,3.432073593,2.685432037,0.782633
18_000_000_group_2,1.804422372,0.617799507,3.513901949,2.676052762,0.79233
18_000_050_group_1,1.747572458,0.546614201,3.09580636,2.68998824,0.780559
18_000_050_group_2,1.781656269,0.607800052,3.315895081,2.679123769,0.789994
18_050_000_group_1,1.80108706,0.573613555,3.07037878,2.680933633,0.787115
18_050_000_group_2,1.834528277,0.625824761,3.513901949,2.671934639,0.796158
18_050_050_group_1,1.75607682,0.554108035,3.057585001,2.687129412,0.784698
18_100_000_group_1,1.805950419,0.591741906,3.417767286,2.679253271,0.786493
18_100_000_group_2,1.849193811,0.624320828,3.929908514,2.67246654,0.798346
18_100_050_group_1,1.759236559,0.572161395,3.295142889,2.687364907,0.783394
18_100_050_group_2,1.818834953,0.616547666,3.315895081,2.674000295,0.79413
19_000_000_group_1,2.406691442,0.82397218,4.008910656,2.569273781,0.84242
19_000_000_group_2,2.567745451,0.947788377,4.064743519,2.542703168,0.849333
19_000_050_group_1,2.343796741,0.807896277,4.008910656,2.579163236,0.839444
19_000_050_group_2,2.545216235,0.884866084,4.071969986,2.535944604,0.861897
19_000_100_group_2,2.492306037,0.845829241,4.040563583,2.551908566,0.854505
19_050_000_group_1,2.35157915,0.836551016,4.008910656,2.573015612,0.837249
19_050_000_group_2,2.41090729,0.991310871,4.069562435,2.571835115,0.829067
19_050_050_group_1,2.32605025,0.813057535,4.040563583,2.580718182,0.836338
19_050_050_group_2,2.410500276,0.915490636,4.071969986,2.563312941,0.853596
19_050_100_group_1,2.349581382,0.78663185,4.446977615,2.578474979,0.839565
19_050_100_group_2,2.441368099,0.854967089,4.211566448,2.560527221,0.854137
20_000_000_group_1,2.539587883,0.82404798,4.482097149,2.556364136,0.842831
20_000_000_group_2,2.590162403,0.861890845,4.482097149,2.543671682,0.85287
20_000_050_group_1,2.491343968,0.788770462,3.932401419,2.554605947,0.843139
20_000_050_group_2,2.565550723,0.853994869,4.468959808,2.541449785,0.852922
20_000_100_group_1,2.537434216,0.79990288,3.952287674,2.557639849,0.840293
20_000_100_group_2,2.528715278,0.862038713,4.770187855,2.544021097,0.849827
20_050_000_group_2,2.543101594,0.83635163,4.46457243,2.546993778,0.848472
20_050_050_group_1,2.502201102,0.858593578,4.534267426,2.560085555,0.838326
20_050_100_group_1,2.522899997,0.818709554,4.534267426,2.565233224,0.833765
20_050_100_group_2,2.47135089,0.812684935,4.321811676,2.554349299,0.846991
20_100_000_group_1,2.548685589,0.882641266,4.755785465,2.562239682,0.83063
20_100_000_group_2,2.462740497,0.77834042,4.013795376,2.557718043,0.840945
20_100_050_group_1,2.476078983,0.850409537,4.278512478,2.568798798,0.830921
20_100_050_group_2,2.394225386,0.758435967,4.013795376,2.562658902,0.84046
20_100_100_group_1,2.452562776,0.779179668,4.31273222,2.576481895,0.827148
20_100_100_group_2,2.427553162,0.780508786,4.38260603,2.567244946,0.839113
21_000_000_group_1,3.911222659,1.402773578,6.288976192,2.403531101,0.873478
21_000_000_group_2,4.208870768,1.414110194,6.423110485,2.369979417,0.885202
21_000_050_group_1,3.790185067,1.347968883,6.194777489,2.411623049,0.86357
21_000_050_group_2,4.388622331,1.490086458,7.628242016,2.378114567,0.884833
21_000_100_group_1,3.811643117,1.323409017,6.260866165,2.395698732,0.865443
21_000_100_group_2,4.096701061,1.413802364,6.4459548,2.371372026,0.882235
21_050_000_group_1,3.81116927,1.456445657,6.727153778,2.413382618,0.86958
21_050_000_group_2,4.634431947,2.165608957,11.31208706,2.357197456,0.893472
21_050_050_group_1,3.553872966,1.362587059,6.147136688,2.441361368,0.856482
21_050_050_group_2,4.277769729,1.438750223,6.705267906,2.356401975,0.887623
21_050_100_group_1,3.56489144,1.313913436,6.04749155,2.435844342,0.854577
21_050_100_group_2,4.117035189,1.410914062,6.523028374,2.37199629,0.87928
21_100_000_group_1,3.841129341,1.479208965,7.297334194,2.407205606,0.874704
21_100_050_group_1,3.723777258,1.393568846,6.507987976,2.411415824,0.867349
21_100_050_group_2,4.523248676,1.605106333,7.425133228,2.340303658,0.886767
21_100_100_group_1,3.809532502,1.492380524,6.864147186,2.416483957,0.865201
